,acoustic,afrobeat,alt-rock,alternative,ambient,anime,black-metal,bluegrass,blues,brazil,breakbeat,british,cantopop,chicago-house,children,chill,classical,club,comedy,country,dance,dancehall,death-metal,deep-house,detroit-techno,disco,disney,drum-and-bass,dub,dubstep,edm,electro,electronic,emo,folk,forro,french,funk,garage,german,gospel,goth,grindcore,groove,grunge,guitar,happy,hard-rock,hardcore,hardstyle,heavy-metal,hip-hop,honky-tonk,house,idm,indian,indie-pop,indie,industrial,iranian,j-dance,j-idol,j-pop,j-rock,jazz,k-pop,kids,latin,latino,malay,mandopop,metal,metalcore,minimal-techno,mpb,new-age,opera,pagode,party,piano,pop-film,pop,power-pop,progressive-house,psych-rock,punk-rock,punk,r-n-b,reggae,reggaeton,rock-n-roll,rock,rockabilly,romance,sad,salsa,samba,sertanejo,show-tunes,singer-songwriter,ska,sleep,songwriter,soul,spanish,study,swedish,synth-pop,tango,techno,trance,trip-hop,turkish,world-music
acoustic,4,0,0,1,1,1,0,5,0,0,0,0,13,0,10,2,2,1,1,8,1,1,0,0,0,1,1,0,0,1,0,1,0,3,0,3,0,0,0,0,5,2,0,0,3,3,1,3,0,0,0,0,9,0,0,0,0,0,0,0,0,2,0,5,12,1,1,1,0,2,17,0,1,0,0,0,4,2,2,0,0,1,4,1,2,1,1,0,0,0,2,1,0,15,2,1,1,1,9,6,4,0,7,2,0,1,0,1,6,0,0,0,0,7
afrobeat,1,30,0,0,0,1,0,3,0,0,2,0,0,13,2,1,0,2,1,0,0,3,0,5,2,10,0,0,1,1,0,1,0,0,0,5,0,2,0,0,0,1,0,0,0,2,1,0,0,0,1,2,0,1,1,1,0,0,1,0,0,0,0,0,4,2,7,0,1,4,0,1,0,0,2,0,0,1,4,1,0,0,2,0,3,0,0,0,3,1,0,1,1,1,0,24,8,0,1,0,5,0,2,1,0,12,0,7,1,1,0,4,1,0
alt-rock,0,1,1,2,0,0,2,0,2,0,1,0,5,0,1,0,0,0,0,6,2,0,3,1,1,8,0,1,0,3,3,1,0,1,0,0,0,0,1,0,4,0,1,0,11,0,1,11,5,1,13,0,0,0,0,1,0,0,2,0,0,7,2,1,0,1,1,1,1,0,7,2,7,0,2,0,1,1,8,0,0,1,11,2,3,1,5,0,2,0,6,2,2,0,0,4,2,0,2,1,11,0,1,1,0,0,0,9,0,0,0,1,4,6
alternative,0,1,0,1,0,0,3,1,1,0,1,0,0,0,2,3,0,1,0,1,2,2,2,1,0,6,0,0,0,2,3,1,0,8,0,0,0,3,1,0,2,0,1,0,8,0,2,4,6,2,10,1,0,2,0,0,1,0,3,0,1,12,0,0,0,2,2,0,0,0,6,6,12,0,0,0,0,1,6,0,0,0,7,0,3,6,2,0,0,2,2,0,2,0,2,2,0,1,5,0,3,0,0,1,0,0,0,2,0,0,1,0,2,5
ambient,1,0,0,0,49,0,1,1,0,0,0,0,3,0,0,0,26,0,0,0,0,0,0,0,0,1,5,0,0,0,0,0,0,0,1,0,0,0,0,0,2,0,0,0,1,2,0,0,0,0,1,0,0,0,7,0,0,0,0,6,0,0,0,0,2,2,0,0,0,0,4,0,0,3,0,23,12,0,0,3,0,0,0,0,0,0,0,0,0,0,1,0,0,3,0,0,0,0,2,1,0,12,2,0,0,4,0,1,2,1,1,2,0,9
anime,1,1,0,0,7,1,7,0,0,1,1,0,0,0,1,0,1,2,1,2,2,3,1,0,0,1,2,0,3,3,0,0,0,2,0,1,3,0,1,1,6,0,1,0,4,1,1,4,3,3,3,0,0,2,4,0,0,0,0,3,4,19,0,8,0,2,1,2,2,1,1,2,5,0,1,1,2,2,7,0,0,0,3,2,1,0,0,0,1,4,3,0,2,0,0,3,1,1,0,0,6,0,0,0,0,19,0,0,0,0,0,0,1,2
black-metal,0,0,0,0,0,0,87,0,0,0,2,0,1,0,0,0,0,0,0,0,0,0,33,0,0,0,0,2,0,0,0,0,0,0,0,0,0,0,0,0,0,1,21,0,3,0,0,0,1,3,11,0,0,0,1,0,0,0,0,5,0,0,0,1,0,0,0,0,0,0,0,6,14,0,0,0,1,0,2,0,0,0,2,1,0,0,0,0,0,0,0,0,0,0,0,0,0,0,0,0,0,1,0,0,0,0,0,0,0,0,6,0,1,4
bluegrass,0,1,0,0,2,0,0,45,0,0,0,0,9,0,1,1,3,0,0,6,0,0,0,0,0,0,0,0,1,0,0,0,0,0,1,3,0,0,3,0,3,0,0,0,0,7,0,0,0,0,0,0,30,0,2,0,0,0,0,0,0,0,0,1,0,0,0,0,0,1,6,0,0,0,4,1,1,6,0,0,1,4,5,0,7,0,1,0,0,0,2,10,2,1,0,8,7,0,2,0,4,0,4,1,0,0,0,3,1,0,0,0,0,4
blues,0,2,0,2,0,0,0,7,2,0,0,0,1,0,3,0,0,1,0,3,3,4,0,3,0,4,0,0,0,2,0,0,0,0,3,7,0,1,1,0,3,0,0,0,3,0,0,3,1,0,2,0,6,0,0,0,0,0,0,1,0,3,1,2,26,0,2,2,1,4,1,0,0,0,1,0,2,3,4,2,0,2,4,3,13,0,1,1,2,3,5,4,1,5,2,9,2,0,4,1,5,0,2,2,0,1,0,12,5,0,0,0,0,3
brazil,2,0,0,0,0,0,0,2,2,6,0,0,2,0,2,0,0,0,3,2,1,10,0,3,0,1,0,1,1,0,1,0,0,2,0,2,1,1,0,0,31,0,0,0,1,0,0,0,1,1,3,2,3,0,0,3,0,0,0,0,4,5,0,0,0,4,2,0,2,0,10,1,2,0,5,0,6,6,2,0,0,4,3,0,1,1,0,1,0,1,1,1,1,2,2,1,5,3,2,2,3,0,1,0,0,0,0,3,2,0,1,1,4,12
breakbeat,0,0,0,1,0,1,2,0,0,0,32,0,0,16,0,0,0,3,0,0,0,1,1,6,11,2,0,21,0,1,0,0,0,0,0,0,0,1,1,0,0,0,0,0,0,0,7,2,1,2,3,1,0,0,1,0,0,0,8,0,0,5,0,1,0,0,3,0,3,0,1,0,0,9,0,0,0,1,6,0,0,0,0,6,1,0,0,0,3,4,0,0,0,0,0,0,0,0,0,0,3,0,0,0,0,3,0,5,0,7,11,0,0,2
british,2,1,0,0,11,0,1,6,1,0,0,0,10,0,2,0,1,1,0,4,2,1,0,3,0,0,2,1,0,1,4,0,0,2,1,3,0,0,0,2,3,0,3,0,2,4,1,0,0,0,0,0,10,0,7,2,0,0,0,5,1,2,0,0,4,1,4,0,0,3,9,3,2,0,1,2,4,0,0,1,2,3,2,0,12,2,2,0,0,0,2,5,0,5,0,6,2,0,3,3,4,5,3,1,0,0,0,7,2,1,1,0,0,5
cantopop,5,0,0,0,0,0,0,7,1,0,0,0,31,1,0,2,0,0,0,1,0,0,0,2,0,0,0,0,0,0,0,0,0,0,1,0,0,0,0,0,10,0,0,0,0,0,0,1,0,0,1,0,7,0,0,2,0,0,0,0,0,0,0,1,1,0,0,0,0,3,45,0,0,0,6,0,5,2,0,1,0,5,3,1,7,0,0,0,0,0,0,2,1,6,0,5,2,1,3,1,0,0,8,1,0,0,0,4,1,0,0,0,2,4
chicago-house,0,3,0,0,0,0,0,0,1,1,9,0,0,83,0,0,0,0,0,1,1,1,0,6,37,1,0,0,0,0,0,0,0,0,0,0,0,0,1,0,0,0,0,0,0,0,0,0,0,0,0,1,0,1,0,1,0,0,1,0,1,0,0,0,0,0,1,2,1,0,0,0,0,24,0,0,0,0,0,0,0,0,0,2,1,0,0,0,1,2,0,0,0,0,0,2,0,0,0,0,1,0,0,1,0,1,0,7,0,5,2,3,0,0
children,1,0,0,0,5,0,0,5,0,0,0,0,1,1,62,1,0,0,1,0,0,2,0,2,0,3,3,0,0,0,2,0,0,0,0,10,1,0,0,0,0,0,0,0,0,4,0,0,0,0,0,0,20,0,1,0,0,0,0,0,2,2,0,0,3,0,23,0,0,0,2,0,0,0,1,1,2,1,11,1,0,0,1,0,1,0,0,2,0,0,0,1,1,3,1,1,1,2,5,0,4,0,2,1,0,3,0,2,8,0,0,0,1,0
chill,1,0,0,0,0,0,1,1,0,0,0,0,4,0,13,11,1,2,2,3,1,1,0,0,0,0,2,1,1,1,0,2,0,7,1,3,0,4,0,1,0,0,0,0,1,1,1,0,1,1,0,0,1,2,4,1,0,0,0,0,1,0,0,0,5,0,18,3,1,0,0,0,0,0,0,1,1,0,1,0,3,1,1,4,2,0,0,0,0,0,0,0,0,4,28,1,0,1,8,0,0,0,2,1,0,24,0,2,2,0,1,0,3,2
classical,0,1,0,0,12,0,1,3,1,0,0,0,0,0,2,0,56,0,0,0,0,0,0,0,0,0,15,0,0,0,0,0,0,0,1,1,0,0,1,0,2,0,0,0,0,5,0,0,0,0,0,0,8,0,2,2,0,0,0,5,0,0,0,0,2,0,0,0,0,1,2,0,0,0,0,24,11,1,0,1,0,2,0,0,0,0,0,0,0,0,0,0,1,11,0,5,1,0,0,0,0,6,0,0,0,2,0,1,8,0,0,0,0,1
club,1,1,0,0,0,1,2,1,0,1,3,0,1,0,1,0,0,11,0,3,2,2,1,8,2,0,0,9,2,6,1,1,1,1,0,0,0,0,1,0,0,0,0,0,2,1,1,1,2,0,0,0,2,2,5,0,0,1,0,5,5,1,0,1,1,0,7,0,1,2,2,1,0,6,0,0,2,0,6,1,0,0,4,8,2,2,0,0,1,0,2,0,1,0,4,0,0,2,5,0,0,0,1,0,0,10,0,4,1,5,11,0,2,5
comedy,0,0,0,0,0,0,0,1,0,0,0,0,0,0,2,0,0,0,156,1,1,2,0,0,0,0,1,0,0,0,0,0,0,1,0,1,0,3,0,0,0,0,0,0,0,0,0,0,0,0,0,0,0,0,0,0,0,0,0,1,1,0,0,0,0,0,0,0,2,0,1,0,0,0,0,0,0,0,0,0,1,0,0,0,0,0,0,2,0,0,0,0,0,0,3,1,1,0,2,0,0,0,1,1,0,0,0,1,3,0,0,0,1,0
country,3,0,1,0,0,0,0,6,0,0,0,0,4,1,1,0,0,0,0,27,0,1,0,1,0,0,0,0,0,3,2,0,0,1,1,3,0,0,0,0,4,0,0,0,7,0,0,2,1,0,0,0,8,6,1,1,0,0,1,0,0,2,3,3,2,0,9,0,0,0,11,0,0,0,1,0,5,3,11,0,0,0,12,1,3,0,1,1,0,0,2,1,2,2,0,4,2,0,3,4,11,0,3,1,0,0,0,9,5,0,0,0,0,5
dance,0,0,0,4,0,0,0,0,0,0,5,0,0,1,10,0,0,0,1,3,15,9,0,6,0,5,0,1,7,9,8,3,0,6,0,2,0,3,0,0,1,0,0,0,1,0,1,1,3,1,0,5,0,5,0,1,1,0,1,0,3,2,0,0,0,3,14,3,5,0,1,1,3,0,0,0,0,0,11,0,3,0,1,4,0,0,3,0,2,16,1,0,0,0,3,1,0,1,0,0,2,0,0,1,0,0,1,0,0,1,0,0,0,1
dancehall,0,1,0,0,0,2,0,0,1,0,0,0,0,3,0,2,0,0,2,0,3,24,0,7,0,1,0,0,0,0,0,1,0,10,0,1,2,11,0,0,0,0,0,0,0,0,1,0,4,0,0,6,0,1,0,0,0,0,0,0,34,0,0,1,0,3,15,1,10,0,0,0,0,0,2,0,0,0,4,0,3,0,0,1,0,0,0,0,6,13,0,0,0,0,9,8,0,0,2,0,3,0,0,0,0,0,0,0,2,0,0,0,4,0
death-metal,0,0,0,0,0,0,27,0,0,0,1,0,1,0,0,0,0,2,0,0,0,0,39,0,0,0,0,2,1,2,0,0,0,1,0,0,0,0,0,0,0,0,28,0,1,0,3,5,1,9,14,0,0,0,0,0,0,0,7,1,0,3,0,1,0,0,0,0,0,0,0,2,36,0,0,0,0,0,0,0,0,0,2,0,0,0,0,0,0,0,0,0,0,0,0,0,0,0,0,0,0,0,0,0,0,0,0,0,0,0,1,0,0,2
deep-house,0,2,0,0,0,1,0,0,0,0,1,0,2,12,1,1,0,2,0,2,3,0,0,45,2,4,0,0,0,2,5,1,0,1,0,1,3,0,1,0,0,0,0,0,0,0,2,0,3,1,0,0,0,12,0,1,1,0,0,0,1,1,0,0,0,0,4,1,3,1,0,0,0,9,0,0,0,0,7,0,0,1,1,12,0,0,0,0,0,4,2,0,0,0,0,0,0,2,1,0,1,0,0,0,0,3,0,4,0,3,11,1,1,0
detroit-techno,0,6,0,0,0,0,0,0,0,0,11,0,0,34,0,1,0,0,0,0,0,0,0,6,61,2,0,1,0,0,1,0,0,0,0,0,0,0,0,0,0,0,0,0,0,0,0,1,1,0,0,0,0,0,4,0,0,0,0,0,0,0,0,0,0,0,1,0,0,0,0,0,0,36,0,0,0,0,1,0,0,0,2,2,1,0,0,0,1,0,0,0,0,0,0,0,0,0,0,0,0,0,0,0,0,2,0,3,0,4,4,7,1,0
disco,0,6,0,0,0,0,0,2,1,0,9,0,3,8,3,0,0,0,0,2,0,2,0,6,2,16,0,0,0,1,0,0,0,0,1,8,0,0,0,0,0,0,0,0,3,0,1,0,0,1,0,0,1,4,0,1,0,0,0,0,0,6,0,0,1,0,2,2,1,1,0,0,0,4,1,0,1,0,24,0,0,1,0,2,2,1,0,1,0,5,1,0,2,0,0,14,3,3,0,0,10,0,0,1,0,0,0,18,0,2,1,0,1,2
disney,0,1,0,0,16,1,0,0,2,0,0,0,1,0,9,1,6,0,0,1,1,0,0,0,0,0,25,0,0,1,0,1,0,1,0,0,0,0,0,0,2,0,0,0,0,8,0,0,0,0,0,0,7,0,3,0,0,0,0,4,0,0,0,0,3,0,2,0,0,1,2,0,0,0,0,7,20,0,0,2,0,1,3,1,1,1,0,2,0,0,0,2,0,14,0,0,0,0,10,0,0,6,2,2,0,19,0,2,3,0,0,0,1,1
drum-and-bass,0,0,0,0,0,0,6,0,0,0,7,0,0,1,0,0,0,0,0,0,0,0,2,0,4,0,0,94,0,10,0,0,0,0,0,1,0,0,0,0,1,0,0,0,0,0,15,0,1,10,3,0,0,1,0,0,0,0,0,2,2,5,0,1,0,1,2,0,0,0,0,0,2,1,0,0,0,0,2,0,0,0,0,6,1,0,0,0,0,1,0,0,0,0,0,0,0,0,0,0,1,0,0,0,0,2,0,1,0,3,5,0,0,0
dub,1,2,2,0,0,1,1,0,0,0,1,0,2,11,0,2,0,1,0,0,5,7,0,1,2,2,0,7,1,23,2,2,2,5,0,3,0,1,0,1,8,2,1,0,9,0,5,1,5,12,2,0,0,5,2,0,1,0,0,0,1,4,0,1,0,0,4,0,1,2,2,3,4,0,1,0,0,0,4,0,1,0,0,8,2,0,0,0,4,2,1,0,0,1,0,1,0,0,0,0,0,0,0,0,0,1,0,1,1,0,4,1,2,6
dubstep,0,0,0,2,1,3,0,0,0,0,2,0,1,0,0,0,0,1,0,2,0,0,2,0,0,1,0,10,3,36,4,0,0,9,0,2,0,0,0,1,7,1,2,0,12,0,4,2,4,19,1,2,1,3,1,2,0,0,1,2,3,6,0,2,0,2,2,0,1,1,9,4,9,0,0,0,1,0,0,0,0,0,1,13,0,0,2,0,0,2,2,0,0,0,0,0,0,0,2,0,0,0,0,0,0,0,0,2,1,1,3,0,1,12
edm,0,0,1,2,0,0,0,0,3,0,0,0,0,1,0,1,0,0,0,8,10,1,0,12,0,0,0,1,5,14,20,2,0,3,0,3,4,2,1,0,0,0,0,0,5,0,3,0,5,3,0,0,0,10,0,0,0,0,0,0,1,3,1,2,0,0,9,5,3,0,1,2,2,1,0,0,0,0,14,0,2,0,1,8,1,1,3,0,0,2,3,0,0,0,0,0,0,0,0,0,0,0,0,0,0,0,0,4,0,2,8,0,1,0
electro,3,0,1,3,0,0,0,0,0,0,3,0,2,0,1,6,0,0,0,5,10,6,0,14,0,0,0,1,11,7,15,0,0,8,0,6,1,4,0,0,0,1,0,0,2,0,0,0,2,2,0,2,1,5,0,1,0,0,0,1,1,2,1,2,2,0,1,1,2,1,2,1,2,0,0,0,1,0,13,0,2,0,0,7,1,1,0,0,1,3,2,0,0,1,8,0,0,3,6,2,0,0,2,3,0,1,0,1,0,0,0,0,3,4
electronic,0,1,0,2,1,1,0,1,0,0,3,0,1,1,0,1,0,4,0,0,1,2,1,11,1,3,0,5,3,6,5,3,0,7,1,0,2,0,0,0,1,0,0,0,0,1,2,2,2,3,1,1,0,3,4,1,0,0,1,2,3,4,0,0,0,1,4,0,5,3,2,1,2,16,1,0,0,0,4,0,2,3,7,9,1,0,1,0,0,3,1,0,0,1,0,2,0,1,2,0,3,0,1,0,0,8,0,3,0,3,6,2,2,2
emo,0,0,0,0,0,0,0,1,0,0,0,0,0,1,8,0,0,2,3,1,2,1,1,0,0,1,0,0,3,2,2,0,0,34,0,0,0,0,1,0,1,0,2,0,4,0,2,1,2,1,4,5,0,2,0,0,0,0,0,2,6,8,0,4,0,0,2,1,1,0,0,3,10,0,0,0,1,0,3,0,1,1,3,1,0,5,2,0,0,0,2,1,1,1,32,1,0,2,0,0,3,0,1,1,0,1,0,1,0,0,1,0,2,2
folk,1,4,0,0,2,0,0,7,0,1,0,0,10,1,3,1,1,0,0,5,0,1,0,0,0,4,0,0,1,2,1,1,0,0,3,3,0,1,0,0,4,0,0,0,6,0,0,5,2,0,0,0,5,1,2,4,0,0,0,0,1,5,0,0,6,2,1,0,0,7,12,0,0,0,0,0,4,2,0,1,2,8,1,0,5,1,1,2,0,1,2,1,1,8,0,14,4,2,2,6,4,0,6,1,1,0,0,6,3,0,0,1,2,4
forro,0,1,0,0,0,0,0,3,0,2,0,0,0,0,9,0,0,0,0,1,0,1,0,2,0,3,0,0,0,0,1,0,0,0,0,83,0,4,0,0,3,0,0,0,0,0,1,1,3,0,0,0,1,0,0,0,0,0,0,0,2,3,1,1,0,0,1,0,0,1,0,0,0,0,2,0,0,9,6,0,0,0,1,0,2,1,0,1,1,0,0,2,2,0,0,14,1,30,0,0,3,0,0,0,0,0,0,0,1,0,0,0,1,0
french,0,2,0,1,2,0,0,1,1,1,1,0,3,2,1,5,2,3,7,2,4,3,0,9,0,0,0,0,0,2,0,0,3,2,0,2,6,1,0,0,2,0,1,0,5,1,0,0,0,0,2,2,0,1,3,4,0,0,0,2,7,0,0,0,1,2,11,1,1,2,2,1,0,2,0,3,2,0,6,1,0,2,3,1,0,0,0,0,1,3,2,0,1,7,11,5,0,0,3,1,2,3,1,0,1,3,1,2,1,1,0,0,7,1
funk,0,0,0,0,0,0,0,0,1,1,1,0,3,3,1,0,0,0,5,1,1,12,0,1,0,5,0,0,0,0,1,1,0,5,0,8,1,14,0,0,0,0,0,0,1,0,0,4,2,0,0,4,2,6,0,0,0,0,0,0,13,2,0,1,0,1,5,2,7,2,2,3,4,0,1,0,4,4,1,0,1,3,1,1,8,1,0,1,4,16,1,7,2,1,10,1,3,3,4,0,2,0,1,0,0,0,0,3,3,0,0,0,3,2
garage,0,2,0,1,1,4,4,2,0,1,1,0,2,2,0,1,0,0,1,2,3,0,1,3,0,2,0,0,6,0,2,0,0,2,0,1,1,0,10,1,0,0,2,0,6,1,2,1,4,1,5,0,3,0,3,0,0,0,3,0,0,2,1,4,1,0,0,0,1,1,1,3,7,0,0,0,0,1,4,1,0,3,29,2,4,6,4,0,0,0,5,1,2,2,0,0,0,1,0,0,3,0,0,2,0,3,0,1,0,1,1,2,2,4
german,1,0,0,0,9,0,2,0,0,0,1,0,1,2,0,1,11,1,2,2,0,1,0,2,1,1,2,0,0,2,5,0,0,4,2,3,2,1,0,0,1,0,0,0,2,1,2,1,2,3,0,1,0,3,2,1,0,0,0,6,5,3,0,0,1,1,5,0,1,0,5,0,1,2,2,10,1,0,10,0,1,0,2,1,1,1,0,1,1,3,1,0,1,2,13,2,1,3,1,0,1,13,0,2,0,2,0,2,0,0,4,1,4,1
gospel,4,0,0,0,0,0,1,1,0,2,0,0,4,0,1,1,0,0,0,2,1,0,0,0,0,0,0,0,1,3,0,0,0,0,0,3,0,0,0,0,62,0,0,0,4,0,1,4,0,0,2,0,2,0,0,1,0,0,0,1,0,7,1,1,0,0,0,1,0,0,25,2,1,0,1,0,4,3,1,1,0,13,1,0,0,1,0,0,0,0,0,0,0,1,0,2,0,2,0,0,1,0,1,0,0,0,0,4,1,0,0,0,1,35
goth,0,2,1,1,0,2,9,3,0,2,2,0,1,0,2,1,0,0,0,4,0,3,9,0,0,0,0,2,1,3,0,0,0,1,0,1,0,0,2,0,1,2,0,1,9,0,4,11,2,2,25,1,2,0,1,0,0,1,3,1,2,4,0,0,1,0,2,0,0,3,1,8,8,0,0,0,5,0,0,0,0,1,12,2,7,1,0,2,0,0,0,0,4,3,1,2,0,2,1,0,7,0,1,1,1,0,0,10,1,0,3,2,3,4
grindcore,0,0,0,0,0,0,18,0,0,0,0,0,0,0,0,0,0,0,0,0,0,0,26,0,0,0,0,0,0,0,0,0,0,0,0,0,0,0,1,0,0,0,161,0,0,0,1,1,0,0,2,0,0,0,2,0,0,0,0,4,0,0,0,0,0,0,0,0,0,0,0,0,3,0,0,0,1,0,1,0,0,0,2,0,0,0,0,0,0,0,0,0,0,0,0,0,0,0,1,0,0,1,0,0,0,1,0,0,0,0,0,0,0,0
groove,1,2,0,0,0,0,4,0,0,4,2,0,1,14,0,1,0,1,1,2,0,0,7,32,0,0,0,1,0,1,1,0,0,1,0,2,0,0,0,0,16,0,1,1,1,0,3,1,2,1,1,0,0,5,1,2,0,0,2,0,0,3,0,1,0,1,0,0,0,1,5,5,14,5,1,0,2,5,8,0,0,3,0,7,0,2,1,0,0,0,0,0,0,0,0,0,0,1,1,0,1,0,0,0,0,0,0,5,0,3,2,1,1,18
grunge,0,0,2,0,0,0,6,1,0,3,0,0,0,0,0,0,0,0,0,2,0,0,1,0,0,2,1,6,0,3,1,0,0,1,1,0,0,0,0,0,3,1,2,0,19,0,2,8,5,7,18,0,0,1,2,0,0,0,6,3,0,6,4,3,0,0,0,0,0,0,1,9,14,0,0,0,1,1,3,0,0,0,5,0,5,7,6,0,0,0,1,2,0,0,0,0,0,2,0,0,3,0,0,0,0,1,0,7,0,0,0,0,2,12
guitar,2,1,0,0,7,1,0,1,1,0,0,0,2,0,1,6,12,0,0,1,0,0,1,0,0,0,7,0,0,0,0,0,0,0,0,1,0,0,0,0,0,1,0,0,0,33,0,0,0,0,0,0,9,0,2,0,0,0,1,3,0,0,0,0,5,2,0,0,0,3,3,0,0,0,1,5,0,0,0,4,0,2,0,0,2,0,0,2,0,0,0,2,1,4,0,10,2,2,0,1,1,5,2,2,0,21,0,0,10,0,0,1,0,3
happy,0,0,0,0,0,0,3,0,0,0,9,0,0,1,0,0,0,2,0,0,0,0,2,2,0,0,0,19,1,6,0,0,0,1,0,0,0,0,0,0,0,0,4,0,2,0,59,1,1,23,5,0,0,0,3,0,0,0,4,4,0,4,0,0,0,0,0,0,0,0,0,0,5,2,0,0,0,0,11,0,0,0,1,2,0,0,0,0,0,0,0,0,0,0,0,0,1,0,1,0,0,0,0,0,0,3,0,0,0,4,13,0,0,0
hard-rock,0,0,1,0,0,0,0,5,3,0,0,0,3,1,0,0,0,0,1,0,0,1,4,0,0,1,0,0,0,2,1,0,0,0,0,3,0,0,3,0,4,0,1,0,7,0,2,5,2,2,12,0,1,1,1,0,0,0,2,0,0,7,0,1,0,1,0,0,0,0,0,10,3,1,0,0,1,3,7,0,0,1,13,1,6,6,2,0,0,0,0,1,1,0,0,2,2,0,0,0,19,0,1,0,0,0,0,11,0,1,2,0,2,11
hardcore,0,1,0,0,0,0,2,0,0,2,2,0,1,3,0,0,0,0,5,0,0,15,9,1,1,0,0,1,0,3,0,0,0,3,0,0,0,1,1,0,0,0,8,0,7,0,5,7,12,6,8,3,0,0,2,0,0,0,4,0,7,4,0,0,0,0,2,0,3,1,0,0,13,1,0,0,0,0,5,0,0,1,17,4,2,6,3,0,0,5,0,0,1,0,2,0,0,1,1,0,5,0,0,0,0,0,0,3,0,1,1,0,1,2
hardstyle,0,0,0,0,0,0,3,0,0,0,6,0,0,1,1,0,0,0,0,0,0,0,3,1,1,0,0,15,0,9,2,0,0,3,0,4,0,0,0,0,1,1,1,0,8,0,29,1,2,49,1,1,0,0,0,1,0,0,2,0,1,5,0,0,0,0,1,0,0,1,0,0,12,0,0,0,0,0,10,0,0,0,2,6,0,0,2,0,0,1,0,0,0,0,0,0,1,2,0,0,2,0,0,0,0,0,0,0,0,7,11,0,0,0
heavy-metal,0,0,0,0,0,0,10,0,0,0,3,0,0,0,0,0,0,0,0,1,0,0,6,0,0,0,0,2,0,0,1,0,0,0,0,0,0,0,4,0,0,1,4,0,6,0,8,12,2,3,48,0,0,1,2,0,0,0,7,0,0,7,0,0,0,0,0,0,0,0,0,4,28,0,0,0,0,0,2,0,0,0,11,1,5,2,3,0,0,0,0,0,1,0,0,0,0,0,0,0,0,0,0,0,0,0,0,7,0,0,0,1,0,5
hip-hop,0,1,0,0,0,0,0,0,0,4,0,0,0,2,1,0,0,0,2,0,2,12,0,5,0,3,0,2,4,0,1,0,1,7,0,0,1,2,0,0,0,0,0,0,0,0,1,0,4,0,0,18,0,4,0,4,0,0,0,0,7,2,0,1,0,2,16,1,10,2,4,0,0,0,1,0,0,0,12,0,2,6,0,5,1,0,0,0,7,17,1,0,0,0,9,2,1,0,0,0,1,0,0,0,1,0,1,2,0,0,1,0,6,0
honky-tonk,2,1,0,0,0,0,0,8,0,0,0,0,6,0,6,0,0,0,0,1,0,0,0,0,0,0,1,0,0,0,0,0,0,0,0,1,0,0,0,0,0,0,0,0,0,1,0,0,0,0,0,0,128,0,0,0,0,0,0,0,0,0,0,0,10,0,0,0,0,0,0,1,0,0,0,0,1,1,0,1,0,0,1,0,3,0,0,0,0,0,0,8,6,3,0,0,0,0,2,1,1,0,4,1,0,1,0,0,5,0,0,0,0,0
house,0,0,0,3,0,0,0,0,0,0,2,0,0,4,1,0,0,1,0,7,15,1,0,22,0,2,0,1,3,7,18,2,0,8,0,1,4,4,0,0,0,0,0,0,4,0,0,2,4,1,2,2,0,18,0,1,2,0,1,0,0,4,0,0,0,0,9,4,2,0,0,2,0,0,0,0,0,0,17,0,2,1,0,17,0,0,0,0,0,4,3,0,0,0,2,0,0,1,0,0,2,0,0,3,1,3,0,1,0,2,7,0,0,0
idm,1,5,0,0,18,1,2,3,0,0,2,1,1,5,1,1,0,1,0,0,0,1,0,0,27,1,4,6,1,0,0,0,0,0,0,0,0,0,0,1,0,0,1,0,0,2,0,0,1,2,0,0,0,0,25,3,0,0,0,13,0,2,0,0,0,0,0,0,0,0,0,0,1,16,1,17,3,0,0,0,0,0,0,0,0,0,0,1,0,1,0,1,0,1,1,0,0,0,2,0,0,5,1,0,0,16,0,2,0,6,3,4,1,2
indian,3,1,0,0,0,0,0,0,0,3,1,0,11,0,6,2,1,0,0,2,0,0,0,2,0,2,0,1,3,1,1,0,0,0,4,2,0,1,0,0,6,0,0,0,2,1,0,2,0,0,0,1,5,1,3,12,0,0,0,0,1,1,0,1,7,4,2,0,1,7,8,2,0,0,1,1,8,1,7,0,1,13,0,1,2,0,1,1,3,3,1,0,1,2,0,14,1,2,1,3,3,0,7,1,2,1,0,1,0,0,1,1,3,0
indie-pop,2,0,0,0,2,0,1,3,3,0,2,0,10,0,4,1,0,2,0,8,0,5,0,5,0,2,0,1,1,2,3,0,0,4,5,3,0,2,0,0,1,0,0,0,9,2,1,1,1,1,1,1,9,2,0,3,0,0,1,1,1,0,0,0,3,2,4,1,2,2,7,0,0,0,2,0,3,2,5,0,1,2,4,0,2,0,2,2,0,2,2,1,2,2,6,4,1,1,4,7,2,0,8,2,0,0,0,2,1,0,0,1,3,9
indie,4,1,0,0,2,0,0,3,2,1,0,0,4,0,7,5,0,0,1,4,1,7,0,5,0,0,2,1,2,5,5,0,0,4,1,3,1,4,0,1,1,1,0,0,9,4,2,0,0,0,3,3,7,2,0,4,0,1,0,1,2,1,0,0,5,3,8,1,0,1,11,1,0,0,1,0,1,0,6,0,0,2,6,2,0,0,1,0,0,1,5,1,0,1,2,0,2,4,4,4,1,0,4,4,1,0,1,2,0,0,0,0,1,5
industrial,0,0,1,2,1,0,7,0,0,1,12,0,0,0,0,0,0,0,0,1,1,0,11,1,4,3,0,3,2,1,1,0,1,2,0,0,0,0,0,0,2,1,1,1,5,0,8,7,9,7,19,0,0,1,1,0,0,0,16,0,1,4,0,0,0,0,0,0,0,0,1,7,12,1,1,0,0,0,7,1,0,1,3,5,0,3,1,0,0,0,0,0,0,0,0,0,0,1,0,0,5,0,0,0,0,1,0,10,0,3,5,1,0,4
iranian,0,0,1,0,5,2,25,0,0,0,3,0,0,0,0,0,3,2,0,0,0,0,5,0,1,0,0,0,0,2,0,0,0,1,0,0,0,0,2,0,0,0,7,0,1,1,1,0,0,4,5,0,0,0,7,1,0,0,3,31,0,0,0,0,0,0,0,0,0,0,0,2,9,2,0,24,3,0,0,0,0,0,0,0,1,1,0,0,0,0,0,0,0,0,1,0,0,0,1,0,0,15,0,0,1,1,0,0,0,0,4,0,0,3
j-dance,0,0,0,2,0,0,0,0,1,0,5,0,0,0,0,1,0,0,8,0,5,19,0,3,0,2,0,2,2,1,1,0,0,10,0,0,0,3,0,1,2,1,1,0,0,0,1,0,8,1,1,6,0,1,0,2,0,0,1,0,45,1,0,0,0,3,9,2,8,3,1,0,1,0,0,0,0,0,4,0,1,0,1,2,1,0,0,0,6,4,0,0,0,0,13,2,2,0,3,0,1,0,0,1,0,1,0,1,2,0,0,0,4,0
j-idol,0,0,1,0,0,1,0,0,0,0,1,0,2,0,0,0,0,1,0,1,0,0,1,0,0,1,0,12,1,2,1,0,0,0,0,6,0,0,0,0,4,0,3,0,1,0,7,3,1,3,1,0,0,1,0,0,0,0,0,0,0,84,1,4,0,1,0,0,0,0,3,1,5,0,1,0,0,1,8,0,0,2,1,1,0,1,1,2,3,0,1,0,0,0,0,5,0,5,0,0,0,0,0,0,0,1,0,2,0,0,0,0,1,0
j-pop,2,0,0,1,2,0,0,2,0,0,0,0,2,0,2,0,0,0,0,8,2,1,1,2,0,8,0,1,1,0,1,0,0,0,1,3,1,2,2,0,7,1,0,0,2,0,3,4,1,3,3,0,5,1,0,1,0,0,1,0,1,34,2,17,1,2,2,3,0,0,4,1,5,0,0,0,5,1,0,0,2,2,1,4,3,6,2,0,0,0,1,1,2,3,0,7,1,6,3,0,12,0,5,1,0,0,0,4,1,0,0,1,0,1
j-rock,0,0,1,0,0,0,0,0,1,0,2,0,1,0,0,0,0,0,0,6,2,1,3,0,1,5,0,2,2,0,0,1,0,0,1,0,0,0,1,0,8,0,2,0,2,0,5,2,4,3,7,0,1,2,1,0,0,0,1,0,0,27,1,9,1,0,1,0,0,3,6,1,10,0,6,0,0,1,6,0,1,2,2,0,2,5,3,0,1,0,3,0,3,7,0,4,3,1,0,0,5,0,1,0,0,1,0,6,1,0,0,1,1,3
jazz,2,1,0,0,1,0,0,0,0,0,1,0,4,1,4,2,2,0,1,5,0,2,0,1,0,2,0,0,0,0,0,0,0,0,0,0,0,0,1,0,1,1,0,0,0,0,0,0,0,0,1,0,21,0,0,3,2,0,0,0,0,0,1,0,62,0,0,0,0,4,2,0,0,1,0,1,15,0,0,0,2,4,0,1,0,0,0,0,0,0,0,2,2,18,0,7,1,1,6,0,0,0,5,3,0,6,0,2,3,0,0,2,2,1
k-pop,0,2,0,1,0,0,0,5,1,0,1,0,1,0,1,1,0,0,0,3,6,2,0,6,0,5,0,0,4,3,2,2,0,0,1,4,0,0,0,0,4,0,0,0,2,0,3,1,4,2,0,5,4,5,0,1,0,0,0,1,7,10,2,2,2,6,5,7,2,8,7,0,0,0,2,0,2,0,7,0,2,8,0,2,1,0,1,0,2,7,1,1,0,3,0,14,3,3,0,0,2,0,1,0,0,1,0,3,3,0,0,0,1,0
kids,0,0,0,0,0,0,0,0,0,0,0,0,0,5,19,3,0,0,1,1,1,8,0,3,1,3,1,0,0,1,0,0,0,0,0,5,0,1,0,0,1,0,0,0,0,0,1,0,0,0,0,2,5,4,0,0,0,0,0,0,2,3,0,0,1,0,74,2,2,1,0,0,0,0,0,0,0,0,8,0,3,0,2,1,0,0,1,1,2,6,0,1,0,0,2,1,0,0,0,0,6,0,1,0,0,1,0,1,2,0,0,0,3,0
latin,0,2,0,0,0,0,0,0,0,1,0,0,0,3,1,0,0,0,0,7,3,4,0,6,0,5,0,1,1,0,1,4,0,5,1,3,0,5,0,0,3,0,0,0,1,0,0,0,2,0,0,8,1,2,0,0,0,1,0,0,1,0,1,1,0,1,12,4,24,1,0,0,0,0,0,0,0,0,20,0,0,1,1,3,2,1,0,1,12,25,2,1,0,0,1,3,1,1,1,0,8,0,2,0,1,0,0,1,0,0,0,0,1,0
latino,0,1,0,0,0,0,0,0,0,0,2,0,0,4,2,0,0,0,0,0,7,5,0,4,0,2,0,0,2,0,0,2,0,5,0,2,0,3,0,0,0,0,0,0,0,0,0,0,3,0,0,9,0,2,0,0,0,0,0,0,2,1,0,1,0,5,13,2,25,0,2,0,0,0,0,0,0,1,20,0,2,0,0,2,0,0,0,0,10,34,0,0,0,0,3,6,0,0,0,0,1,0,0,1,2,0,0,0,0,0,2,0,5,0
malay,2,3,0,0,0,0,0,2,0,0,0,0,9,3,1,3,0,0,1,1,1,3,0,4,0,5,0,0,1,1,1,0,0,3,3,0,1,0,0,0,7,0,0,0,1,0,0,0,1,1,0,0,5,1,0,2,0,0,1,1,5,3,1,1,4,0,6,0,4,19,11,1,0,0,3,0,3,1,3,0,1,15,0,0,2,0,0,0,0,0,0,0,1,7,3,11,3,2,2,2,1,0,2,1,0,0,0,3,7,0,0,2,3,3
mandopop,2,0,1,0,0,0,0,4,0,0,0,0,17,0,1,1,0,1,0,6,0,0,0,2,0,2,0,0,0,8,0,0,0,3,2,2,0,0,0,0,6,2,0,0,2,0,0,0,0,0,3,0,3,2,0,3,0,0,0,0,0,5,0,0,6,4,1,1,0,5,55,0,0,0,0,0,4,0,1,0,1,2,0,1,3,1,0,0,0,0,3,1,0,4,1,7,0,0,2,0,1,0,3,0,1,0,0,1,2,0,1,0,4,11
metal,0,0,1,0,0,0,5,0,0,0,0,0,0,0,0,0,0,1,0,0,1,1,4,0,0,0,0,3,0,4,0,0,0,0,0,0,0,0,0,0,3,3,0,0,14,0,0,11,9,5,17,0,0,0,2,0,0,0,10,1,0,12,0,1,1,0,0,0,0,1,0,13,16,0,1,0,0,0,7,0,0,1,6,1,2,9,0,0,0,1,1,1,0,0,0,0,1,0,0,0,7,0,0,0,0,0,0,5,0,0,2,0,0,5
metalcore,0,0,0,0,0,0,10,0,0,0,1,0,0,0,0,0,0,0,0,0,0,0,20,0,0,0,0,2,0,3,0,0,0,2,0,0,0,0,0,0,1,0,2,1,8,0,9,0,8,11,12,0,0,0,0,0,0,0,14,0,0,4,0,0,0,0,0,0,0,0,0,4,69,0,0,0,0,0,2,0,0,0,3,3,1,1,1,0,0,0,0,0,0,0,0,0,0,0,0,0,0,0,0,1,0,0,0,0,0,0,3,0,0,2
minimal-techno,0,1,0,0,0,0,1,0,0,0,4,0,0,18,0,0,0,0,0,0,0,0,0,8,22,1,0,2,0,0,0,0,0,0,0,0,0,0,0,0,0,0,0,0,0,0,0,0,0,0,0,0,0,0,15,0,0,0,0,0,0,0,0,0,0,1,1,0,0,0,0,0,0,94,0,0,0,0,0,0,0,0,0,1,0,0,0,0,0,1,0,0,0,0,0,0,0,0,0,0,0,0,0,0,0,0,0,0,0,14,16,4,0,0
mpb,0,2,0,0,0,0,0,7,0,4,0,0,13,1,3,1,0,0,0,2,0,0,0,1,0,2,1,0,0,1,0,0,0,1,0,1,0,0,0,0,4,0,0,0,1,0,1,0,0,0,2,0,9,0,0,1,0,0,0,0,1,0,1,2,1,1,4,0,0,0,7,0,0,0,12,0,1,21,1,0,1,0,2,0,7,0,0,3,0,1,0,1,3,5,2,8,8,7,2,1,7,0,2,1,0,0,0,7,1,0,0,1,4,3
new-age,0,1,0,1,35,0,1,1,0,0,0,0,3,0,0,0,14,0,0,0,0,0,0,0,0,0,1,0,0,0,0,0,0,0,0,0,0,0,0,0,2,0,0,0,0,3,0,1,0,0,0,0,1,0,3,0,0,0,0,7,0,0,0,0,1,0,0,0,0,1,2,0,0,0,1,70,15,0,0,3,0,0,0,0,0,0,0,0,0,0,0,1,0,0,0,0,0,0,0,0,0,8,0,0,0,0,0,5,1,0,0,4,2,2
opera,0,0,0,0,4,0,0,6,0,0,0,0,5,0,0,0,7,0,1,0,0,0,0,0,0,0,2,0,0,0,0,0,0,0,1,0,0,0,0,0,3,1,1,0,1,0,0,0,0,0,3,0,4,0,0,0,0,0,0,8,0,0,1,0,6,0,0,0,0,0,4,1,2,0,0,6,71,0,0,3,1,1,0,0,0,0,0,0,0,0,0,0,0,20,0,0,1,0,6,2,0,3,1,0,0,2,0,0,1,0,0,0,0,2
pagode,0,0,0,0,0,0,0,6,1,0,0,0,1,0,3,0,0,0,1,0,1,1,0,0,0,1,0,0,0,0,0,0,0,0,1,12,0,0,0,0,3,0,0,0,0,0,2,0,0,0,0,3,0,0,0,3,0,0,0,0,0,1,0,0,0,0,2,0,0,1,1,0,0,0,3,0,1,76,1,0,1,1,0,0,0,0,0,0,1,0,0,1,0,1,1,8,30,19,1,0,0,0,1,1,0,0,1,3,4,0,0,0,1,0
party,0,0,0,0,0,0,0,1,0,0,2,0,0,0,1,0,0,0,0,1,3,0,0,2,0,6,0,0,0,2,0,0,0,3,0,6,0,0,0,0,2,0,0,0,3,0,4,0,6,8,0,0,0,0,0,0,0,0,0,0,1,15,0,1,0,0,9,0,0,0,0,0,2,0,0,0,0,0,86,0,0,0,1,3,0,2,2,0,0,1,1,1,2,0,0,1,2,10,0,0,7,0,0,0,0,0,0,4,0,0,1,0,2,0
piano,0,0,0,1,35,0,0,1,0,0,0,0,2,0,1,0,36,0,0,4,2,1,0,0,0,1,5,0,1,1,0,0,0,1,0,1,0,0,0,1,5,1,0,0,2,8,1,1,0,0,2,0,2,0,1,3,0,0,0,0,1,1,0,0,1,0,3,0,0,0,5,1,0,0,0,12,4,1,5,6,0,1,0,2,0,0,1,0,1,0,3,0,2,2,0,3,0,1,1,2,2,0,1,1,0,6,0,3,2,0,0,1,1,1
pop-film,0,1,0,0,0,0,0,1,0,0,0,0,3,2,0,3,0,0,1,1,8,3,0,1,0,4,1,2,1,3,1,1,0,3,1,9,1,2,0,0,3,0,0,1,1,0,0,0,1,1,0,3,2,5,0,2,0,0,0,2,0,3,0,1,2,2,10,1,1,10,9,1,2,0,0,0,2,0,5,0,2,7,0,0,1,0,1,1,2,11,2,1,1,3,2,4,0,1,9,1,3,0,0,0,2,0,0,3,2,1,0,0,2,1
pop,1,3,0,0,0,0,0,4,2,7,0,0,2,1,0,1,0,0,0,1,1,2,0,1,0,6,0,1,3,0,3,0,0,0,1,3,0,1,0,0,13,2,0,0,0,0,0,1,0,0,0,0,3,0,0,4,0,0,0,0,0,4,1,4,2,3,2,1,1,11,24,0,0,0,3,0,5,3,4,0,1,30,0,1,0,0,0,0,2,1,1,1,0,4,0,18,2,0,0,0,1,0,0,0,0,0,0,5,3,0,0,1,2,1
power-pop,1,0,0,0,0,0,4,3,1,0,0,0,3,0,1,0,0,0,0,7,0,0,2,0,0,2,0,0,0,0,2,0,0,1,0,0,0,0,8,0,0,0,9,0,2,0,1,7,0,1,3,0,2,0,0,0,0,0,2,0,0,5,0,1,2,0,0,0,0,0,1,0,5,0,1,0,0,0,3,0,0,0,53,2,15,10,4,0,0,0,7,1,1,0,0,0,0,4,0,0,10,0,0,0,0,0,0,17,0,0,0,0,0,3
progressive-house,0,0,0,1,0,2,3,0,0,0,0,0,0,0,1,0,0,2,0,3,1,2,0,8,1,1,0,1,3,12,11,0,1,1,0,1,1,1,0,0,0,0,0,1,2,0,0,0,1,10,3,0,0,7,1,0,0,0,2,0,1,4,0,1,0,0,5,2,0,0,0,0,3,5,0,0,0,0,11,0,0,1,0,23,1,0,0,0,2,1,1,0,0,0,1,1,0,2,0,0,1,0,0,0,0,1,0,0,0,8,16,0,1,2
psych-rock,0,0,0,0,1,0,2,5,0,1,0,0,4,0,5,1,0,1,0,0,0,0,0,1,0,0,0,0,2,0,0,0,0,1,0,0,0,0,0,0,1,1,1,0,1,1,2,0,0,0,1,0,13,0,0,0,1,0,1,5,0,3,0,0,3,0,0,0,0,0,0,1,0,1,5,0,5,2,3,0,0,2,6,0,36,1,0,0,1,0,1,4,7,9,0,6,2,0,2,2,3,0,1,2,0,1,0,4,2,0,0,1,3,9
punk-rock,0,2,1,0,0,1,2,0,0,0,5,0,1,2,0,0,0,0,0,5,1,0,2,1,0,1,0,3,0,1,1,0,0,4,0,3,0,0,2,0,1,0,0,0,10,0,3,1,3,3,10,0,1,0,0,0,0,0,1,0,1,7,0,2,0,1,0,0,1,2,4,3,6,1,2,0,3,1,5,0,1,1,25,5,6,6,7,0,0,0,4,0,0,0,2,2,0,0,2,1,14,0,0,1,0,0,0,9,0,1,0,1,1,4
punk,1,2,2,0,0,0,0,2,0,0,1,0,3,3,0,0,0,0,0,4,3,2,2,0,0,3,0,2,0,0,0,0,0,3,3,6,0,0,3,0,2,0,2,0,9,0,4,6,4,4,8,0,1,1,0,1,0,0,2,0,0,10,0,3,0,0,1,0,0,0,2,2,10,1,1,0,0,3,4,0,0,0,23,1,5,10,3,0,0,0,2,0,0,0,0,1,2,1,0,0,12,0,0,0,0,0,0,10,0,0,0,0,3,1
r-n-b,2,1,0,0,0,0,1,3,1,2,0,0,5,2,4,0,0,0,1,2,0,3,2,1,0,2,0,0,0,0,0,0,0,3,1,11,0,1,0,0,2,1,0,0,4,1,3,1,2,0,6,0,9,1,0,1,0,0,0,0,3,1,0,2,6,0,5,2,0,4,5,0,0,0,4,0,0,4,4,0,1,3,3,0,5,2,2,0,0,4,1,1,5,0,2,7,10,7,1,2,8,0,0,1,0,0,0,5,6,0,0,0,5,3
reggae,0,2,0,0,0,0,0,0,0,0,1,0,0,1,2,0,0,0,0,0,4,8,0,3,0,2,0,2,2,0,0,2,0,6,0,2,0,7,0,0,0,0,0,0,0,0,2,0,2,1,0,6,0,1,0,0,0,0,1,0,5,0,0,0,0,4,10,4,13,1,2,0,0,0,1,0,0,2,24,0,1,1,0,2,0,1,0,1,14,30,0,0,1,0,2,7,0,4,0,0,4,0,0,0,0,0,0,1,0,0,1,1,2,0
reggaeton,0,6,0,0,0,0,0,0,0,0,1,0,0,0,0,0,0,0,1,0,8,7,0,6,0,3,0,0,0,0,1,2,0,4,0,6,0,10,0,0,0,0,0,0,0,0,1,0,4,2,0,6,0,1,0,0,0,0,0,0,4,0,0,1,0,1,11,6,19,0,2,0,0,0,0,0,0,0,18,0,3,0,0,1,0,0,0,1,14,32,0,0,0,0,1,5,0,1,0,0,0,0,0,1,0,0,0,1,0,0,2,0,3,0
rock-n-roll,0,1,3,2,0,0,2,0,0,0,2,0,0,0,5,0,0,1,0,5,2,1,3,0,0,1,0,1,3,4,2,0,0,1,1,1,0,0,0,0,4,1,0,0,9,0,0,6,2,4,3,0,5,1,1,2,0,0,0,0,0,8,3,4,2,1,1,0,0,0,6,1,3,0,1,0,7,0,2,0,0,1,5,0,15,3,6,0,0,1,4,0,2,1,0,5,0,1,2,0,8,0,1,9,1,2,0,10,0,0,0,0,1,3
rock,0,1,0,0,0,0,0,9,0,0,0,1,3,0,9,0,0,0,0,4,1,0,0,0,0,2,0,0,1,1,0,0,0,0,0,12,0,0,0,0,0,0,1,0,2,1,0,1,0,0,1,0,50,0,0,1,0,0,0,0,0,0,1,1,5,1,2,1,0,0,0,0,0,0,2,0,9,6,0,0,1,1,3,0,10,0,0,0,0,0,1,18,17,4,0,1,2,5,2,2,0,0,1,2,0,0,0,2,7,0,0,0,0,0
rockabilly,1,3,1,0,0,0,0,5,1,0,1,0,1,0,1,0,0,0,0,1,0,1,0,1,0,4,0,1,0,0,0,0,0,0,1,21,0,0,1,0,1,0,0,0,1,0,1,1,0,0,2,0,23,1,0,0,0,0,1,0,0,2,0,1,7,0,3,0,1,0,0,0,1,0,3,1,2,3,6,0,0,1,12,0,4,1,1,0,0,1,0,14,26,1,0,4,9,2,3,2,6,0,0,2,0,0,0,10,14,0,0,0,0,0
romance,0,0,0,0,0,0,0,1,1,0,0,0,3,0,1,1,2,0,0,0,0,0,0,0,0,0,0,0,0,0,0,0,0,0,0,0,0,0,0,0,2,1,0,0,0,3,0,1,0,0,0,0,3,0,0,0,0,0,0,1,1,0,1,0,10,0,0,0,0,2,0,0,0,0,0,3,17,2,0,0,0,2,0,0,2,0,0,2,0,0,0,2,1,84,0,1,6,0,4,0,0,3,0,0,0,0,0,0,30,0,0,0,1,1
sad,1,0,0,0,1,0,0,0,0,0,0,0,2,0,5,15,1,1,2,0,0,5,0,2,0,0,5,0,1,1,0,2,0,19,0,2,1,3,0,0,0,0,0,0,0,2,0,0,3,0,0,1,1,2,1,0,1,0,0,0,2,0,0,0,3,0,7,1,1,0,0,0,0,0,0,0,0,1,0,0,1,0,2,0,1,0,0,0,0,0,0,0,0,0,47,0,0,1,5,0,0,0,1,3,0,11,0,0,3,0,0,0,2,1
salsa,2,3,0,0,0,0,0,3,0,2,0,0,1,2,0,0,0,0,0,0,0,1,0,1,0,0,0,0,0,0,0,0,0,0,0,12,0,0,0,0,1,0,0,0,0,0,0,0,0,0,0,0,3,0,0,1,0,0,0,0,0,4,0,0,0,2,0,1,1,0,1,0,0,0,0,0,0,7,1,0,0,1,0,0,1,0,0,0,1,1,0,2,2,0,0,111,5,1,0,0,1,0,0,0,0,0,0,1,4,0,0,0,1,0
samba,1,2,0,0,0,0,0,5,1,2,1,0,2,0,2,0,0,0,0,1,0,1,0,1,0,2,0,0,0,0,0,1,0,0,0,5,0,1,0,0,3,1,0,1,0,1,1,1,2,1,0,0,1,0,0,2,0,0,0,0,1,2,0,0,1,0,4,0,0,4,0,0,0,0,4,0,5,34,1,0,0,1,1,0,4,0,0,2,2,0,1,3,5,2,1,14,39,6,3,0,4,0,1,1,0,0,1,2,3,0,0,0,2,2
sertanejo,3,0,0,0,0,1,0,1,1,0,0,0,1,0,4,0,0,0,1,3,0,0,0,0,0,2,0,0,0,0,0,1,0,0,2,22,0,0,0,0,6,0,0,0,0,0,2,0,0,1,0,0,3,0,0,0,0,0,0,0,1,3,0,2,1,0,1,0,0,0,2,0,0,0,4,0,0,19,8,0,0,1,0,0,2,3,0,2,0,0,1,1,1,0,0,4,4,75,1,1,1,0,0,5,0,0,0,0,3,0,0,0,0,0
show-tunes,4,0,0,0,3,0,0,1,0,4,0,0,1,0,8,1,1,0,4,1,1,1,0,0,0,0,7,1,2,0,0,0,0,1,0,2,0,1,0,1,4,0,0,0,0,0,0,0,1,0,1,0,3,0,0,2,1,0,0,2,1,1,0,1,12,0,4,0,0,1,3,0,0,0,0,1,40,0,0,0,0,2,1,1,3,0,0,1,0,0,0,3,1,14,0,0,5,4,25,2,1,3,5,4,0,1,0,0,5,0,0,0,2,3
singer-songwriter,6,1,0,0,1,0,0,3,1,0,0,0,18,0,3,5,0,0,0,2,1,0,0,0,0,2,0,0,0,0,0,4,0,8,0,1,0,1,0,0,5,0,0,0,0,2,0,0,0,0,3,0,9,0,0,1,0,1,0,0,0,0,0,1,9,0,1,0,0,0,15,0,0,0,0,0,5,1,0,0,2,2,1,0,3,0,1,0,0,0,0,1,1,3,3,3,0,0,11,6,4,0,13,4,0,0,0,8,2,0,0,1,2,3
ska,0,1,0,0,0,1,1,1,2,0,1,0,1,2,0,0,0,0,0,4,0,0,0,0,0,7,0,1,0,0,0,0,0,0,0,10,0,0,3,0,3,0,2,0,3,0,2,8,7,2,9,0,1,0,0,0,0,0,0,0,0,1,0,5,0,2,6,0,0,0,2,0,2,1,0,0,0,2,14,0,0,1,15,1,5,3,1,1,1,1,3,1,2,0,1,6,4,3,0,0,20,0,1,0,2,0,0,12,0,0,0,1,0,3
sleep,0,0,0,0,6,0,1,0,0,0,0,0,0,0,0,0,6,0,0,0,0,0,0,0,0,0,3,0,0,0,0,0,0,0,0,0,0,0,0,0,0,0,3,0,0,1,0,0,0,0,0,0,1,0,0,0,0,0,0,8,0,0,0,0,0,0,0,0,0,0,0,0,0,0,0,4,6,0,0,2,0,0,0,0,1,0,0,0,0,0,0,0,0,4,0,0,0,0,2,0,0,158,0,0,0,0,0,0,0,0,0,0,0,0
songwriter,5,0,0,0,1,0,0,3,0,1,0,0,20,1,2,2,1,0,0,5,2,0,0,1,0,3,0,0,0,2,1,3,0,7,0,0,0,3,0,0,3,0,0,0,1,2,0,0,0,0,0,0,8,0,0,3,0,1,0,0,1,0,0,1,8,0,2,0,0,2,10,0,0,0,2,0,5,1,1,1,2,3,0,0,1,0,1,1,0,0,2,1,1,6,2,3,0,1,10,7,4,0,6,5,0,1,0,5,2,0,0,0,1,3
soul,1,1,0,1,0,0,0,1,3,1,0,0,6,3,4,5,0,0,0,2,5,3,0,3,0,0,2,1,0,2,1,0,0,4,0,8,1,1,0,0,1,0,0,0,1,1,0,0,1,0,0,2,8,3,0,1,0,1,0,0,0,0,0,0,3,2,11,0,1,1,8,0,0,0,0,0,5,0,0,0,1,2,1,1,9,0,0,5,1,2,4,4,5,10,7,2,1,2,5,1,1,0,2,9,0,0,0,3,4,0,0,0,2,1
spanish,3,0,0,0,1,0,0,1,0,2,0,0,3,0,0,1,0,0,0,7,1,3,1,3,0,0,0,1,0,1,2,0,1,0,0,12,1,1,0,0,8,1,0,0,4,0,2,1,2,2,5,0,2,2,0,1,0,0,0,0,4,10,1,0,0,4,4,3,0,6,4,0,1,0,2,0,1,2,14,0,1,3,4,1,2,2,1,0,2,5,0,1,0,1,1,4,6,4,2,1,10,0,1,0,0,0,1,7,2,0,0,0,6,4
study,0,2,0,0,1,1,0,0,0,0,0,0,0,0,3,6,0,3,0,0,0,1,0,1,1,0,1,1,0,0,0,1,0,0,0,0,0,0,0,0,0,0,0,0,0,6,0,0,0,0,0,0,0,0,5,0,0,0,0,1,0,0,0,0,0,0,2,0,0,0,0,0,0,1,0,0,0,0,0,1,0,0,0,1,0,0,0,0,0,0,0,0,0,0,0,0,0,1,0,0,0,0,0,0,0,145,0,0,0,0,0,1,0,0
swedish,1,0,0,1,0,0,0,3,1,0,0,0,7,0,2,3,0,1,0,4,0,3,0,5,0,7,1,1,3,3,4,0,0,8,0,6,1,0,0,1,3,0,1,0,0,0,0,2,0,0,5,1,4,1,0,2,0,1,0,0,2,0,1,0,2,1,3,0,2,0,1,1,0,1,0,0,4,3,4,0,0,2,5,1,1,0,0,2,1,1,4,3,2,5,5,7,3,1,2,1,12,0,2,2,0,0,0,2,1,0,0,1,2,2
synth-pop,0,2,1,0,0,1,3,2,2,1,1,0,4,4,0,1,0,0,0,0,2,0,0,10,3,5,0,0,0,5,2,0,0,0,0,2,0,0,1,0,5,0,0,0,3,2,0,8,0,0,2,0,1,1,1,1,0,0,1,0,0,5,0,2,0,1,4,1,0,1,3,1,1,4,4,0,2,0,2,0,0,1,3,4,8,0,0,0,0,0,2,0,3,0,0,12,0,0,0,0,10,0,1,2,1,2,0,28,0,0,0,2,1,5
tango,0,0,0,0,1,1,0,3,0,0,0,0,0,0,2,0,5,0,0,0,0,0,0,0,0,0,2,0,0,0,0,0,0,0,1,0,0,0,0,0,0,0,0,0,0,18,0,0,0,0,0,0,5,0,0,0,0,0,0,0,0,0,0,0,9,0,0,0,0,0,1,0,0,0,0,2,6,1,0,2,2,1,0,0,3,0,0,0,0,0,0,5,0,24,0,1,5,2,2,0,0,0,0,0,0,3,0,0,97,0,0,0,0,0
techno,0,1,1,0,1,0,1,2,0,0,7,0,1,14,0,1,0,0,0,0,3,0,1,7,9,1,0,1,0,1,6,1,0,0,0,1,0,1,0,0,1,1,0,1,1,0,10,0,0,7,0,0,0,0,3,0,0,1,1,0,1,1,0,0,0,0,2,0,0,0,4,0,0,55,0,0,0,1,6,0,0,0,0,3,0,0,1,0,0,1,0,0,0,0,0,2,0,0,0,0,0,0,0,0,0,5,0,4,0,14,13,3,1,1
trance,0,1,0,0,0,0,5,0,0,0,18,0,0,2,0,0,0,1,0,0,2,0,4,2,6,0,0,8,3,2,2,0,2,0,0,0,2,0,0,0,0,0,0,1,4,0,9,0,1,11,7,0,0,4,3,0,0,0,1,1,0,0,0,0,0,0,10,0,2,0,0,0,7,9,0,0,0,0,2,0,0,0,0,15,0,0,0,0,0,0,2,0,0,0,0,0,0,0,0,0,0,0,0,0,0,0,0,3,0,14,30,0,1,0
trip-hop,0,7,0,0,1,0,2,3,0,1,0,0,2,13,0,2,0,0,0,1,1,6,0,6,12,0,0,1,1,0,0,0,0,1,0,0,1,0,0,1,0,2,0,0,1,4,2,0,2,0,0,2,0,1,11,2,0,0,2,4,2,0,0,0,0,0,1,0,0,1,0,1,0,14,1,2,0,0,0,0,2,3,1,1,2,0,0,0,1,1,0,0,1,1,0,2,1,0,2,0,4,0,0,0,0,5,0,5,2,5,1,12,3,5
turkish,2,2,1,0,0,0,1,0,0,0,0,0,2,0,0,1,0,1,1,1,0,4,0,10,0,0,1,0,2,2,0,0,0,10,0,1,0,2,0,2,3,0,0,0,1,0,3,2,2,1,2,7,2,1,3,1,1,0,0,1,6,1,0,1,2,1,8,0,2,3,2,0,0,1,1,0,2,3,3,0,3,1,1,3,6,0,0,0,1,0,3,0,1,10,9,3,0,0,0,0,1,0,0,1,0,0,0,8,6,1,1,0,11,1
world-music,1,0,0,1,0,0,1,0,0,0,0,0,3,0,0,0,1,0,0,2,0,0,0,2,0,0,0,0,0,3,0,0,0,0,0,0,0,0,0,0,21,1,0,0,8,0,0,0,0,1,14,0,0,0,0,0,1,0,0,2,0,2,2,0,0,0,1,0,0,1,10,1,0,0,2,6,4,0,5,0,0,0,1,0,2,0,0,0,0,0,2,0,0,3,0,0,1,1,0,1,1,10,1,0,0,0,0,4,0,0,0,0,0,58
